instruction	category	scope
s_add_u32	spec-only	register-only encoding; execution unsupported
s_sub_u32	spec-only	register-only encoding; execution unsupported
s_add_i32	spec-only	register-only encoding; execution unsupported
s_sub_i32	spec-only	register-only encoding; execution unsupported
s_addc_u32	spec-only	register-only encoding; execution unsupported
s_subb_u32	spec-only	register-only encoding; execution unsupported
s_min_i32	spec-only	register-only encoding; execution unsupported
s_min_u32	spec-only	register-only encoding; execution unsupported
s_max_i32	spec-only	register-only encoding; execution unsupported
s_max_u32	spec-only	register-only encoding; execution unsupported
s_cselect_b32	spec-only	register-only encoding; execution unsupported
s_cselect_b64	spec-only	register-only encoding; execution unsupported
s_and_b32	spec-only	register-only encoding; execution unsupported
s_and_b64	spec-only	register-only encoding; execution unsupported
s_or_b32	spec-only	register-only encoding; execution unsupported
s_or_b64	spec-only	register-only encoding; execution unsupported
s_xor_b32	spec-only	register-only encoding; execution unsupported
s_xor_b64	spec-only	register-only encoding; execution unsupported
s_andn2_b32	spec-only	register-only encoding; execution unsupported
s_andn2_b64	spec-only	register-only encoding; execution unsupported
s_orn2_b32	spec-only	register-only encoding; execution unsupported
s_orn2_b64	spec-only	register-only encoding; execution unsupported
s_nand_b32	spec-only	register-only encoding; execution unsupported
s_nand_b64	spec-only	register-only encoding; execution unsupported
s_nor_b32	spec-only	register-only encoding; execution unsupported
s_nor_b64	spec-only	register-only encoding; execution unsupported
s_xnor_b32	spec-only	register-only encoding; execution unsupported
s_xnor_b64	spec-only	register-only encoding; execution unsupported
s_lshl_b32	spec-only	register-only encoding; execution unsupported
s_lshl_b64	spec-only	register-only encoding; execution unsupported
s_lshr_b32	spec-only	register-only encoding; execution unsupported
s_lshr_b64	spec-only	register-only encoding; execution unsupported
